Date,Rate
2015-01-01,0.644102
2015-01-02,0.6443
2015-01-03,0.652353
2015-01-04,0.655164
2015-01-05,0.655667
2015-01-06,0.660442
2015-01-07,0.661818
2015-01-08,0.662979
2015-01-09,0.6596
2015-01-10,0.659615
2015-01-11,0.658557
2015-01-12,0.659129
2015-01-13,0.659592
2015-01-14,0.656415
2015-01-15,0.658714
2015-01-16,0.659857
2015-01-17,0.660048
2015-01-18,0.66098
2015-01-19,0.661942
2015-01-20,0.660194
2015-01-21,0.660404
2015-01-22,0.66638
2015-01-23,0.666908
2015-01-24,0.666908
2015-01-25,0.666426
2015-01-26,0.663071
2015-01-27,0.65817
2015-01-28,0.66047
2015-02-01,0.662971
2015-02-02,0.665179
2015-02-03,0.6599
2015-02-04,0.658823
2015-02-05,0.652506
2015-02-06,0.656109
2015-02-07,0.656109
2015-02-08,0.656307
2015-02-09,0.65725
2015-02-10,0.655529
2015-02-11,0.656171
2015-02-12,0.650095
2015-02-13,0.649371
2015-02-14,0.649371
2015-02-15,0.648948
2015-02-16,0.651039
2015-02-17,0.651414
2015-02-18,0.647596
2015-02-19,0.648689
2015-02-20,0.649387
2015-02-21,0.649382
2015-02-22,0.649756
2015-02-23,0.647002
2015-02-24,0.647153
2015-02-25,0.643971
2015-02-26,0.649029
2015-02-27,0.647843
2015-02-28,0.647843
2015-03-01,0.648335
2015-03-02,0.650879
2015-03-03,0.651
2015-03-04,0.655049
2015-03-05,0.655771
2015-03-06,0.664968
2015-03-07,0.664968
2015-03-08,0.664848
2015-03-09,0.661144
2015-03-10,0.663847
2015-03-11,0.669603
2015-03-12,0.6717
2015-03-13,0.678248
2015-03-14,0.67826
2015-03-15,0.678075
2015-03-16,0.674592
2015-03-17,0.678023
2015-03-18,0.669184
2015-03-19,0.677722
2015-03-20,0.668743
2015-03-21,0.668743
2015-03-22,0.668267
2015-03-23,0.668167
2015-03-24,0.673787
2015-03-25,0.671919
2015-03-26,0.673562
2015-03-27,0.672218
2015-03-28,0.672218
2015-04-01,0.674264
2015-04-02,0.674146
2015-04-03,0.670306
2015-04-04,0.670306
2015-04-05,0.670433
2015-04-06,0.671466
2015-04-07,0.674755
2015-04-08,0.672263
2015-04-09,0.679591
2015-04-10,0.683438
2015-04-11,0.683438
2015-04-12,0.683224
2015-04-13,0.681636
2015-04-14,0.676778
2015-04-15,0.674406
2015-04-16,0.669804
2015-04-17,0.668488
2015-04-18,0.668555
2015-04-19,0.668663
2015-04-20,0.670994
2015-04-21,0.669942
2015-04-22,0.665121
2015-04-23,0.664243
2015-04-24,0.658443
2015-04-25,0.658423
2015-04-26,0.659023
2015-04-27,0.656788
2015-04-28,0.651963
2015-05-01,0.66049
2015-05-02,0.66049
2015-05-03,0.659725
2015-05-04,0.661431
2015-05-05,0.659043
2015-05-06,0.656033
2015-05-07,0.649309
2015-05-08,0.647273
2015-05-09,0.647273
2015-05-10,0.647567
2015-05-11,0.641811
2015-05-12,0.638237
2015-05-13,0.63524
2015-05-14,0.633885
2015-05-15,0.63589
2015-05-16,0.63589
2015-05-17,0.635442
2015-05-18,0.638717
2015-05-19,0.644587
2015-05-20,0.643607
2015-05-21,0.638575
2015-05-22,0.645624
2015-05-23,0.645624
2015-05-24,0.645927
2015-05-25,0.646292
2015-05-26,0.64974
2015-05-27,0.651453
2015-05-28,0.65279
2015-06-01,0.657846
2015-06-02,0.651908
2015-06-03,0.652369
2015-06-04,0.651228
2015-06-05,0.654885
2015-06-06,0.654885
2015-06-07,0.65498
2015-06-08,0.651809
2015-06-09,0.650138
2015-06-10,0.644656
2015-06-11,0.644593
2015-06-12,0.642624
2015-06-13,0.642624
2015-06-14,0.642607
2015-06-15,0.641047
2015-06-16,0.639099
2015-06-17,0.63178
2015-06-18,0.629725
2015-06-19,0.629781
2015-06-20,0.629781
2015-06-21,0.629984
2015-06-22,0.631968
2015-06-23,0.63576
2015-06-24,0.636723
2015-06-25,0.635129
2015-06-26,0.635006
2015-06-27,0.635006
2015-06-28,0.636929
2015-07-01,0.640549
2015-07-02,0.640642
2015-07-03,0.64211
2015-07-04,0.64211
2015-07-05,0.642483
2015-07-06,0.640878
2015-07-07,0.646898
2015-07-08,0.650578
2015-07-09,0.650436
2015-07-10,0.644446
2015-07-11,0.644446
2015-07-12,0.644962
2015-07-13,0.645687
2015-07-14,0.639568
2015-07-15,0.639566
2015-07-16,0.640671
2015-07-17,0.640861
2015-07-18,0.640861
2015-07-19,0.640726
2015-07-20,0.642541
2015-07-21,0.642811
2015-07-22,0.641045
2015-07-23,0.644484
2015-07-24,0.644702
2015-07-25,0.644702
2015-07-26,0.644526
2015-07-27,0.642743
2015-07-28,0.640506
2015-08-01,0.640156
2015-08-02,0.640001
2015-08-03,0.641497
2015-08-04,0.642495
2015-08-05,0.64099
2015-08-06,0.644615
2015-08-07,0.64542
2015-08-08,0.64542
2015-08-09,0.645452
2015-08-10,0.64157
2015-08-11,0.641869
2015-08-12,0.640309
2015-08-13,0.640557
2015-08-14,0.639141
2015-08-15,0.639141
2015-08-16,0.639038
2015-08-17,0.641671
2015-08-18,0.638516
2015-08-19,0.637696
2015-08-20,0.637332
2015-08-21,0.637139
2015-08-22,0.637139
2015-08-23,0.637334
2015-08-24,0.634626
2015-08-25,0.637142
2015-08-26,0.646323
2015-08-27,0.648987
2015-08-28,0.649652
2015-09-01,0.653398
2015-09-02,0.653303
2015-09-03,0.655612
2015-09-04,0.65917
2015-09-05,0.65917
2015-09-06,0.658508
2015-09-07,0.654691
2015-09-08,0.649527
2015-09-09,0.65105
2015-09-10,0.647572
2015-09-11,0.648151
2015-09-12,0.648151
2015-09-13,0.647524
2015-09-14,0.648387
2015-09-15,0.651735
2015-09-16,0.64534
2015-09-17,0.641969
2015-09-18,0.643744
2015-09-19,0.643744
2015-09-20,0.644027
2015-09-21,0.644689
2015-09-22,0.65124
2015-09-23,0.655899
2015-09-24,0.656704
2015-09-25,0.658773
2015-09-26,0.658773
2015-09-27,0.657955
2015-09-28,0.659412
2015-10-01,0.660693
2015-10-02,0.658782
2015-10-03,0.658782
2015-10-04,0.658736
2015-10-05,0.660184
2015-10-06,0.656571
2015-10-07,0.652893
2015-10-08,0.651496
2015-10-09,0.652781
2015-10-10,0.652781
2015-10-11,0.652764
2015-10-12,0.651783
2015-10-13,0.655382
2015-10-14,0.64611
2015-10-15,0.646285
2015-10-16,0.64766
2015-10-17,0.64766
2015-10-18,0.647825
2015-10-19,0.646533
2015-10-20,0.647409
2015-10-21,0.648574
2015-10-22,0.649717
2015-10-23,0.653054
2015-10-24,0.653054
2015-10-25,0.65292
2015-10-26,0.651538
2015-10-27,0.653203
2015-10-28,0.654934
2015-11-01,0.647269
2015-11-02,0.648682
2015-11-03,0.648482
2015-11-04,0.649764
2015-11-05,0.657416
2015-11-06,0.664411
2015-11-07,0.664411
2015-11-08,0.664463
2015-11-09,0.661587
2015-11-10,0.661334
2015-11-11,0.65726
2015-11-12,0.656586
2015-11-13,0.656383
2015-11-14,0.656383
2015-11-15,0.656731
2015-11-16,0.657817
2015-11-17,0.657246
2015-11-18,0.656542
2015-11-19,0.653973
2015-11-20,0.658268
2015-11-21,0.658268
2015-11-22,0.658442
2015-11-23,0.661206
2015-11-24,0.662903
2015-11-25,0.661083
2015-11-26,0.662198
2015-11-27,0.665166
2015-11-28,0.665178
2015-12-01,0.663197
2015-12-02,0.668982
2015-12-03,0.660488
2015-12-04,0.661737
2015-12-05,0.661737
2015-12-06,0.662074
2015-12-07,0.664293
2015-12-08,0.666084
2015-12-09,0.658734
2015-12-10,0.659574
2015-12-11,0.657416
2015-12-12,0.657416
2015-12-13,0.65767
2015-12-14,0.659417
2015-12-15,0.665051
2015-12-16,0.666828
2015-12-17,0.670908
2015-12-18,0.671451
2015-12-19,0.671451
2015-12-20,0.670887
2015-12-21,0.671762
2015-12-22,0.674505
2015-12-23,0.672474
2015-12-24,0.670857
2015-12-25,0.672607
2015-12-26,0.672607
2015-12-27,0.669954
2015-12-28,0.67201
2016-01-01,0.678607
2016-01-02,0.677491
2016-01-03,0.678475
2016-01-04,0.679566
2016-01-05,0.68132
2016-01-06,0.683499
2016-01-07,0.683951
2016-01-08,0.688751
2016-01-09,0.688751
2016-01-10,0.6889
2016-01-11,0.687321
2016-01-12,0.692697
2016-01-13,0.69393
2016-01-14,0.693662
2016-01-15,0.701436
2016-01-16,0.701436
2016-01-17,0.701441
2016-01-18,0.701969
2016-01-19,0.706178
2016-01-20,0.704754
2016-01-21,0.703261
2016-01-22,0.700919
2016-01-23,0.700919
2016-01-24,0.700737
2016-01-25,0.701957
2016-01-26,0.696926
2016-01-27,0.702039
2016-01-28,0.696476
2016-02-01,0.693213
2016-02-02,0.693864
2016-02-03,0.685419
2016-02-04,0.685892
2016-02-05,0.689551
2016-02-06,0.689551
2016-02-07,0.689762
2016-02-08,0.692938
2016-02-09,0.690966
2016-02-10,0.688169
2016-02-11,0.690543
2016-02-12,0.689458
2016-02-13,0.689458
2016-02-14,0.689483
2016-02-15,0.692762
2016-02-16,0.699142
2016-02-17,0.699782
2016-02-18,0.697606
2016-02-19,0.694854
2016-02-20,0.694179
2016-02-21,0.699442
2016-02-22,0.706506
2016-02-23,0.713042
2016-02-24,0.717757
2016-02-25,0.716296
2016-02-26,0.720891
2016-02-27,0.72082
2016-02-28,0.721426
2016-03-01,0.716524
2016-03-02,0.710308
2016-03-03,0.705558
2016-03-04,0.70274
2016-03-05,0.702697
2016-03-06,0.703137
2016-03-07,0.701059
2016-03-08,0.703518
2016-03-09,0.703503
2016-03-10,0.700025
2016-03-11,0.695204
2016-03-12,0.698079
2016-03-13,0.695417
2016-03-14,0.699254
2016-03-15,0.706454
2016-03-16,0.70184
2016-03-17,0.690788
2016-03-18,0.690757
2016-03-19,0.690847
2016-03-20,0.691361
2016-03-21,0.695834
2016-03-22,0.703506
2016-03-23,0.708296
2016-03-24,0.706775
2016-03-25,0.707494
2016-03-26,0.707494
2016-03-27,0.70769
2016-03-28,0.7014
2016-04-01,0.702744
2016-04-02,0.702744
2016-04-03,0.70332
2016-04-04,0.701036
2016-04-05,0.706328
2016-04-06,0.707921
2016-04-07,0.711536
2016-04-08,0.707941
2016-04-09,0.707941
2016-04-10,0.707864
2016-04-11,0.702751
2016-04-12,0.701032
2016-04-13,0.704043
2016-04-14,0.706871
2016-04-15,0.704004
2016-04-16,0.704004
2016-04-17,0.705194
2016-04-18,0.700579
2016-04-19,0.694862
2016-04-20,0.697586
2016-04-21,0.698431
2016-04-22,0.694145
2016-04-23,0.694145
2016-04-24,0.692184
2016-04-25,0.690595
2016-04-26,0.686026
2016-04-27,0.687897
2016-04-28,0.684586
2016-05-01,0.685235
2016-05-02,0.681817
2016-05-03,0.687595
2016-05-04,0.689636
2016-05-05,0.69026
2016-05-06,0.693019
2016-05-07,0.693019
2016-05-08,0.69331
2016-05-09,0.693958
2016-05-10,0.692177
2016-05-11,0.692427
2016-05-12,0.692249
2016-05-13,0.696434
2016-05-14,0.696434
2016-05-15,0.69652
2016-05-16,0.694569
2016-05-17,0.692861
2016-05-18,0.687725
2016-05-19,0.687547
2016-05-20,0.689554
2016-05-21,0.689554
2016-05-22,0.689831
2016-05-23,0.690518
2016-05-24,0.683903
2016-05-25,0.680285
2016-05-26,0.681904
2016-05-27,0.683935
2016-05-28,0.683935
2016-06-01,0.693793
2016-06-02,0.693701
2016-06-03,0.688891
2016-06-04,0.688891
2016-06-05,0.691152
2016-06-06,0.691999
2016-06-07,0.687857
2016-06-08,0.689124
2016-06-09,0.691446
2016-06-10,0.701358
2016-06-11,0.701358
2016-06-12,0.702975
2016-06-13,0.703859
2016-06-14,0.708665
2016-06-15,0.704392
2016-06-16,0.70368
2016-06-17,0.696445
2016-06-18,0.696445
2016-06-19,0.691204
2016-06-20,0.681114
2016-06-21,0.681982
2016-06-22,0.676263
2016-06-23,0.669428
2016-06-24,0.731488
2016-06-25,0.731488
2016-06-26,0.743452
2016-06-27,0.7563
2016-06-28,0.748678
2016-07-01,0.75343
2016-07-02,0.753338
2016-07-03,0.752785
2016-07-04,0.752878
2016-07-05,0.768423
2016-07-06,0.774705
2016-07-07,0.77523
2016-07-08,0.772123
2016-07-09,0.772123
2016-07-10,0.772845
2016-07-11,0.769668
2016-07-12,0.754655
2016-07-13,0.76209
2016-07-14,0.749475
2016-07-15,0.75832
2016-07-16,0.75832
2016-07-17,0.75466
2016-07-18,0.753848
2016-07-19,0.762733
2016-07-20,0.75417
2016-07-21,0.756083
2016-07-22,0.761133
2016-07-23,0.761133
2016-07-24,0.760008
2016-07-25,0.761333
2016-07-26,0.760668
2016-07-27,0.756018
2016-07-28,0.76016
2016-08-01,0.758543
2016-08-02,0.749375
2016-08-03,0.750515
2016-08-04,0.762223
2016-08-05,0.765003
2016-08-06,0.765003
2016-08-07,0.764673
2016-08-08,0.767043
2016-08-09,0.768878
2016-08-10,0.768163
2016-08-11,0.771845
2016-08-12,0.77392
2016-08-13,0.77392
2016-08-14,0.774848
2016-08-15,0.776195
2016-08-16,0.767508
2016-08-17,0.766693
2016-08-18,0.75989
2016-08-19,0.764785
2016-08-20,0.764785
2016-08-21,0.765265
2016-08-22,0.76138
2016-08-23,0.757815
2016-08-24,0.755508
2016-08-25,0.758068
2016-08-26,0.761203
2016-08-27,0.761203
2016-08-28,0.761483
2016-09-01,0.753395
2016-09-02,0.75217
2016-09-03,0.75217
2016-09-04,0.75219
2016-09-05,0.751813
2016-09-06,0.74513
2016-09-07,0.749803
2016-09-08,0.751643
2016-09-09,0.75363
2016-09-10,0.75363
2016-09-11,0.75377
2016-09-12,0.749823
2016-09-13,0.758045
2016-09-14,0.754033
2016-09-15,0.754923
2016-09-16,0.7691
2016-09-17,0.7691
2016-09-18,0.768423
2016-09-19,0.766803
2016-09-20,0.770028
2016-09-21,0.767393
2016-09-22,0.76432
2016-09-23,0.771235
2016-09-24,0.771235
2016-09-25,0.770418
2016-09-26,0.771038
2016-09-27,0.7683
2016-09-28,0.766745
2016-10-01,0.77056
2016-10-02,0.773478
2016-10-03,0.777895
2016-10-04,0.7854
2016-10-05,0.784053
2016-10-06,0.808183
2016-10-07,0.804165
2016-10-08,0.804165
2016-10-09,0.804238
2016-10-10,0.809413
2016-10-11,0.815488
2016-10-12,0.820245
2016-10-13,0.81687
2016-10-14,0.82041
2016-10-15,0.82041
2016-10-16,0.821823
2016-10-17,0.819635
2016-10-18,0.812988
2016-10-19,0.813918
2016-10-20,0.815918
2016-10-21,0.81745
2016-10-22,0.81745
2016-10-23,0.818563
2016-10-24,0.818315
2016-10-25,0.821175
2016-10-26,0.816918
2016-10-27,0.822038
2016-10-28,0.820395
2016-11-01,0.81692
2016-11-02,0.812755
2016-11-03,0.802233
2016-11-04,0.798998
2016-11-05,0.798998
2016-11-06,0.801823
2016-11-07,0.806898
2016-11-08,0.808243
2016-11-09,0.805643
2016-11-10,0.796925
2016-11-11,0.793608
2016-11-12,0.793608
2016-11-13,0.795355
2016-11-14,0.799135
2016-11-15,0.80335
2016-11-16,0.80334
2016-11-17,0.80561
2016-11-18,0.80982
2016-11-19,0.80982
2016-11-20,0.81123
2016-11-21,0.800478
2016-11-22,0.805058
2016-11-23,0.804715
2016-11-24,0.803125
2016-11-25,0.8011
2016-11-26,0.8011
2016-11-27,0.802078
2016-11-28,0.805655
2016-12-01,0.794155
2016-12-02,0.78546
2016-12-03,0.78546
2016-12-04,0.790608
2016-12-05,0.785918
2016-12-06,0.788863
2016-12-07,0.792193
2016-12-08,0.794853
2016-12-09,0.795213
2016-12-10,0.795213
2016-12-11,0.79427
2016-12-12,0.788803
2016-12-13,0.789933
2016-12-14,0.79809
2016-12-15,0.804893
2016-12-16,0.801698
2016-12-17,0.800673
2016-12-18,0.800679
2016-12-19,0.8073
2016-12-20,0.808734
2016-12-21,0.809527
2016-12-22,0.8139
2016-12-23,0.814478
2016-12-24,0.8144
2016-12-25,0.813818
2016-12-26,0.814634
2016-12-27,0.81471
2016-12-28,0.81829
2017-01-01,0.809782
2017-01-02,0.814263
2017-01-03,0.816721
2017-01-04,0.811425
2017-01-05,0.805043
2017-01-06,0.813868
2017-01-07,0.81407
2017-01-08,0.815802
2017-01-09,0.821665
2017-01-10,0.82143
2017-01-11,0.818935
2017-01-12,0.821955
2017-01-13,0.820968
2017-01-14,0.8203
2017-01-15,0.830702
2017-01-16,0.830559
2017-01-17,0.807212
2017-01-18,0.815634
2017-01-19,0.810495
2017-01-20,0.808738
2017-01-21,0.808016
2017-01-22,0.807385
2017-01-23,0.799041
2017-01-24,0.797894
2017-01-25,0.791485
2017-01-26,0.79391
2017-01-27,0.796943
2017-01-28,0.79694
2017-02-01,0.789817
2017-02-02,0.798756
2017-02-03,0.801038
2017-02-04,0.801035
2017-02-05,0.801061
2017-02-06,0.802053
2017-02-07,0.800264
2017-02-08,0.798483
2017-02-09,0.8001
2017-02-10,0.800801
2017-02-11,0.80077
2017-02-12,0.801057
2017-02-13,0.798502
2017-02-14,0.801937
2017-02-15,0.802089
2017-02-16,0.800867
2017-02-17,0.805704
2017-02-18,0.8058
2017-02-19,0.804532
2017-02-20,0.801802
2017-02-21,0.800834
2017-02-22,0.803067
2017-02-23,0.796492
2017-02-24,0.802245
2017-02-25,0.802472
2017-02-26,0.806433
2017-02-27,0.803997
2017-02-28,0.807853
2017-03-01,0.814956
2017-03-02,0.814732
2017-03-03,0.813205
2017-03-04,0.813315
2017-03-05,0.812984
2017-03-06,0.81707
2017-03-07,0.819437
2017-03-08,0.821429
2017-03-09,0.822645
2017-03-10,0.822206
2017-03-11,0.822165
2017-03-12,0.821654
2017-03-13,0.819252
2017-03-14,0.822572
2017-03-15,0.814179
2017-03-16,0.809725
2017-03-17,0.806614
2017-03-18,0.807045
2017-03-19,0.807512
2017-03-20,0.808594
2017-03-21,0.801158
2017-03-22,0.801815
2017-03-23,0.798945
2017-03-24,0.801828
2017-03-25,0.8017
2017-03-26,0.799123
2017-03-27,0.796315
2017-03-28,0.805376
2017-04-01,0.797194
2017-04-02,0.797453
2017-04-03,0.800577
2017-04-04,0.803902
2017-04-05,0.800828
2017-04-06,0.802005
2017-04-07,0.80821
2017-04-08,0.80819
2017-04-09,0.808118
2017-04-10,0.804923
2017-04-11,0.800663
2017-04-12,0.796874
2017-04-13,0.799728
2017-04-14,0.798722
2017-04-15,0.798594
2017-04-16,0.797804
2017-04-17,0.796353
2017-04-18,0.778634
2017-04-19,0.782378
2017-04-20,0.781207
2017-04-21,0.780825
2017-04-22,0.780825
2017-04-23,0.779795
2017-04-24,0.782618
2017-04-25,0.779265
2017-04-26,0.778318
2017-04-27,0.775641
2017-04-28,0.772114
2017-05-01,0.775344
2017-05-02,0.772736
2017-05-03,0.77682
2017-05-04,0.773663
2017-05-05,0.770268
2017-05-06,0.770268
2017-05-07,0.77112
2017-05-08,0.772728
2017-05-09,0.772283
2017-05-10,0.773415
2017-05-11,0.775892
2017-05-12,0.775885
2017-05-13,0.775885
2017-05-14,0.776144
2017-05-15,0.775072
2017-05-16,0.7742
2017-05-17,0.770991
2017-05-18,0.771904
2017-05-19,0.767165
2017-05-20,0.767
2017-05-21,0.7686
2017-05-22,0.769648
2017-05-23,0.771818
2017-05-24,0.770535
2017-05-25,0.773382
2017-05-26,0.780914
2017-05-27,0.780795
2017-05-28,0.78039
2017-06-01,0.776005
2017-06-02,0.775738
2017-06-03,0.775595
2017-06-04,0.777123
2017-06-05,0.774839
2017-06-06,0.774809
2017-06-07,0.771411
2017-06-08,0.785899
2017-06-09,0.784711
2017-06-10,0.784765
2017-06-11,0.784717
2017-06-12,0.7893
2017-06-13,0.784406
2017-06-14,0.784071
2017-06-15,0.783699
2017-06-16,0.782475
2017-06-17,0.782715
2017-06-18,0.782868
2017-06-19,0.785504
2017-06-20,0.791668
2017-06-21,0.78896
2017-06-22,0.788728
2017-06-23,0.786442
2017-06-24,0.7862
2017-06-25,0.784607
2017-06-26,0.785934
2017-06-27,0.780451
2017-06-28,0.772798
2017-07-01,0.767595
2017-07-02,0.768304
2017-07-03,0.772306
2017-07-04,0.773054
2017-07-05,0.773338
2017-07-06,0.771112
2017-07-07,0.77605
2017-07-08,0.776225
2017-07-09,0.7758
2017-07-10,0.776337
2017-07-11,0.777677
2017-07-12,0.775624
2017-07-13,0.77238
2017-07-14,0.763625
2017-07-15,0.763625
2017-07-16,0.762788
2017-07-17,0.766193
2017-07-18,0.767103
2017-07-19,0.767435
2017-07-20,0.771302
2017-07-21,0.76926
2017-07-22,0.76955
2017-07-23,0.769055
2017-07-24,0.767695
2017-07-25,0.767668
2017-07-26,0.762515
2017-07-27,0.764734
2017-07-28,0.761354
2017-08-01,0.757171
2017-08-02,0.755994
2017-08-03,0.760874
2017-08-04,0.766842
2017-08-05,0.766842
2017-08-06,0.766537
2017-08-07,0.767
2017-08-08,0.770054
2017-08-09,0.768587
2017-08-10,0.770592
2017-08-11,0.768533
2017-08-12,0.76852
2017-08-13,0.768913
2017-08-14,0.771245
2017-08-15,0.777128
2017-08-16,0.775768
2017-08-17,0.777348
2017-08-18,0.776832
2017-08-19,0.776695
2017-08-20,0.77682
2017-08-21,0.775326
2017-08-22,0.779788
2017-08-23,0.781063
2017-08-24,0.781245
2017-08-25,0.776452
2017-08-26,0.77645
2017-08-27,0.775038
2017-08-28,0.773602
2017-09-01,0.772198
2017-09-02,0.77214
2017-09-03,0.771363
2017-09-04,0.773817
2017-09-05,0.766754
2017-09-06,0.766521
2017-09-07,0.763083
2017-09-08,0.757622
2017-09-09,0.75769
2017-09-10,0.757691
2017-09-11,0.759351
2017-09-12,0.752516
2017-09-13,0.757182
2017-09-14,0.7465
2017-09-15,0.735845
2017-09-16,0.735845
2017-09-17,0.736559
2017-09-18,0.739908
2017-09-19,0.739958
2017-09-20,0.741259
2017-09-21,0.736402
2017-09-22,0.741098
2017-09-23,0.741098
2017-09-24,0.740376
2017-09-25,0.742003
2017-09-26,0.74401
2017-09-27,0.746381
2017-09-28,0.744617
2017-10-01,0.746469
2017-10-02,0.753396
2017-10-03,0.755164
2017-10-04,0.755698
2017-10-05,0.7626
2017-10-06,0.765405
2017-10-07,0.76529
2017-10-08,0.764409
2017-10-09,0.760925
2017-10-10,0.757047
2017-10-11,0.755343
2017-10-12,0.753926
2017-10-13,0.75267
2017-10-14,0.752715
2017-10-15,0.7526
2017-10-16,0.75453
2017-10-17,0.758066
2017-10-18,0.757
2017-10-19,0.7604
2017-10-20,0.757831
2017-10-21,0.758065
2017-10-22,0.75815
2017-10-23,0.757398
2017-10-24,0.76159
2017-10-25,0.7534
2017-10-26,0.761636
2017-10-27,0.7617
2017-10-28,0.7617
2017-11-01,0.754344
2017-11-02,0.76609
2017-11-03,0.76473
2017-11-04,0.76473
2017-11-05,0.764563
2017-11-06,0.759087
2017-11-07,0.759218
2017-11-08,0.762602
2017-11-09,0.760872
2017-11-10,0.75816
2017-11-11,0.75816
2017-11-12,0.762174
2017-11-13,0.762166
2017-11-14,0.760024
2017-11-15,0.7591
2017-11-16,0.757591
2017-11-17,0.7566
2017-11-18,0.7566
2017-11-19,0.757623
2017-11-20,0.755116
2017-11-21,0.754866
2017-11-22,0.751033
2017-11-23,0.751555
2017-11-24,0.750005
2017-11-25,0.74968
2017-11-26,0.750525
2017-11-27,0.750692
2017-11-28,0.748246
2017-12-01,0.74219
2017-12-02,0.74219
2017-12-03,0.741265
2017-12-04,0.7422
2017-12-05,0.745476
2017-12-06,0.746826
2017-12-07,0.741716
2017-12-08,0.747105
2017-12-09,0.746755
2017-12-10,0.746775
2017-12-11,0.749198
2017-12-12,0.750783
2017-12-13,0.745754
2017-12-14,0.744453
2017-12-15,0.75055
2017-12-16,0.75055
2017-12-17,0.751007
2017-12-18,0.747437
2017-12-19,0.74706
2017-12-20,0.747954
2017-12-21,0.747465
2017-12-22,0.74856
2017-12-23,0.748335
2017-12-24,0.748275
2017-12-25,0.747709
2017-12-26,0.747719
2017-12-27,0.746085
2017-12-28,0.744067
2018-01-01,0.740188
2018-01-02,0.7356
2018-01-03,0.740096
2018-01-04,0.737844
2018-01-05,0.737085
2018-01-06,0.737085
2018-01-07,0.736583
2018-01-08,0.7369
2018-01-09,0.739074
2018-01-10,0.740083
2018-01-11,0.738488
2018-01-12,0.728345
2018-01-13,0.72836
2018-01-14,0.728258
2018-01-15,0.724944
2018-01-16,0.724765
2018-01-17,0.723324
2018-01-18,0.719811
2018-01-19,0.7215
2018-01-20,0.7215
2018-01-21,0.719942
2018-01-22,0.715108
2018-01-23,0.713664
2018-01-24,0.703225
2018-01-25,0.706727
2018-01-26,0.706185
2018-01-27,0.706185
2018-01-28,0.706663
2018-02-01,0.700957
2018-02-02,0.70822
2018-02-03,0.708065
2018-02-04,0.708689
2018-02-05,0.717152
2018-02-06,0.716538
2018-02-07,0.720507
2018-02-08,0.717537
2018-02-09,0.72312
2018-02-10,0.723065
2018-02-11,0.723372
2018-02-12,0.722055
2018-02-13,0.720257
2018-02-14,0.71351
2018-02-15,0.708993
2018-02-16,0.71261
2018-02-17,0.71286
2018-02-18,0.712657
2018-02-19,0.714664
2018-02-20,0.714298
2018-02-21,0.718825
2018-02-22,0.716789
2018-02-23,0.715922
2018-02-24,0.715835
2018-02-25,0.715911
2018-02-26,0.716127
2018-02-27,0.71918
2018-02-28,0.727026
2018-03-01,0.725942
2018-03-02,0.724428
2018-03-03,0.7246
2018-03-04,0.724912
2018-03-05,0.722073
2018-03-06,0.71946
2018-03-07,0.719194
2018-03-08,0.724436
2018-03-09,0.72197
2018-03-10,0.72197
2018-03-11,0.721728
2018-03-12,0.719167
2018-03-13,0.71573
2018-03-14,0.715844
2018-03-15,0.717531
2018-03-16,0.717
2018-03-17,0.717
2018-03-18,0.717154
2018-03-19,0.713
2018-03-20,0.714082
2018-03-21,0.707098
2018-03-22,0.708607
2018-03-23,0.70746
2018-03-24,0.707364
2018-03-25,0.706844
2018-03-26,0.70235
2018-03-27,0.705383
2018-03-28,0.710079
2018-04-01,0.712437
2018-04-02,0.711916
2018-04-03,0.7108
2018-04-04,0.709832
2018-04-05,0.713963
2018-04-06,0.70987
2018-04-07,0.7096
2018-04-08,0.7097
2018-04-09,0.707549
2018-04-10,0.705169
2018-04-11,0.704842
2018-04-12,0.702279
2018-04-13,0.7021
2018-04-14,0.7021
2018-04-15,0.7019
2018-04-16,0.697314
2018-04-17,0.69946
2018-04-18,0.704104
2018-04-19,0.710014
2018-04-20,0.71403
2018-04-21,0.714055
2018-04-22,0.714184
2018-04-23,0.717495
2018-04-24,0.714585
2018-04-25,0.717573
2018-04-26,0.718494
2018-04-27,0.725585
2018-04-28,0.725585
2018-05-01,0.734811
2018-05-02,0.736803
2018-05-03,0.736807
2018-05-04,0.739095
2018-05-05,0.739155
2018-05-06,0.739
2018-05-07,0.736974
2018-05-08,0.737833
2018-05-09,0.738334
2018-05-10,0.73954
2018-05-11,0.738225
2018-05-12,0.7383
2018-05-13,0.737976
2018-05-14,0.737377
2018-05-15,0.740658
2018-05-16,0.738158
2018-05-17,0.740078
2018-05-18,0.742395
2018-05-19,0.742475
2018-05-20,0.74195
2018-05-21,0.744521
2018-05-22,0.743779
2018-05-23,0.747999
2018-05-24,0.747234
2018-05-25,0.751485
2018-05-26,0.751425
2018-05-27,0.751408
2018-05-28,0.751146
2018-06-01,0.748955
2018-06-02,0.74912
2018-06-03,0.748868
2018-06-04,0.750977
2018-06-05,0.745875
2018-06-06,0.745045
2018-06-07,0.745381
2018-06-08,0.746
2018-06-09,0.74563
2018-06-10,0.7455
2018-06-11,0.747863
2018-06-12,0.747719
2018-06-13,0.747253
2018-06-14,0.754432
2018-06-15,0.752845
2018-06-16,0.752845
2018-06-17,0.753263
2018-06-18,0.754264
2018-06-19,0.759108
2018-06-20,0.759137
2018-06-21,0.755013
2018-06-22,0.75391
2018-06-23,0.75391
2018-06-24,0.754053
2018-06-25,0.753137
2018-06-26,0.756395
2018-06-27,0.762207
2018-06-28,0.764815
2018-07-01,0.757058
2018-07-02,0.760832
2018-07-03,0.757937
2018-07-04,0.755971
2018-07-05,0.756315
2018-07-06,0.752615
2018-07-07,0.75256
2018-07-08,0.75222
2018-07-09,0.754546
2018-07-10,0.754262
2018-07-11,0.757266
2018-07-12,0.758807
2018-07-13,0.755745
2018-07-14,0.7557
2018-07-15,0.756021
2018-07-16,0.755488
2018-07-17,0.763083
2018-07-18,0.764643
2018-07-19,0.767882
2018-07-20,0.761441
2018-07-21,0.76144
2018-07-22,0.760683
2018-07-23,0.763188
2018-07-24,0.760486
2018-07-25,0.757677
2018-07-26,0.762835
2018-07-27,0.763185
2018-07-28,0.763123
2018-08-01,0.761904
2018-08-02,0.7683
2018-08-03,0.768935
2018-08-04,0.768935
2018-08-05,0.769118
2018-08-06,0.772542
2018-08-07,0.772559
2018-08-08,0.776539
2018-08-09,0.779509
2018-08-10,0.783085
2018-08-11,0.783085
2018-08-12,0.783718
2018-08-13,0.783552
2018-08-14,0.786278
2018-08-15,0.78784
2018-08-16,0.786624
2018-08-17,0.78419
2018-08-18,0.78419
2018-08-19,0.784541
2018-08-20,0.780995
2018-08-21,0.774872
2018-08-22,0.774864
2018-08-23,0.780661
2018-08-24,0.77845
2018-08-25,0.77845
2018-08-26,0.777705
2018-08-27,0.775358
2018-08-28,0.777048
2018-09-01,0.771545
2018-09-02,0.773893
2018-09-03,0.777115
2018-09-04,0.777736
2018-09-05,0.774322
2018-09-06,0.773701
2018-09-07,0.77413
2018-09-08,0.774
2018-09-09,0.773455
2018-09-10,0.767624
2018-09-11,0.768272
2018-09-12,0.7666
2018-09-13,0.762705
2018-09-14,0.76529
2018-09-15,0.76529
2018-09-16,0.765031
2018-09-17,0.760746
2018-09-18,0.759474
2018-09-19,0.760957
2018-09-20,0.75357
2018-09-21,0.764995
2018-09-22,0.764935
2018-09-23,0.764526
2018-09-24,0.762422
2018-09-25,0.758732
2018-09-26,0.759301
2018-09-27,0.764751
2018-09-28,0.7674
2018-10-01,0.766696
2018-10-02,0.770455
2018-10-03,0.772788
2018-10-04,0.767893
2018-10-05,0.76237
2018-10-06,0.76237
2018-10-07,0.761818
2018-10-08,0.763782
2018-10-09,0.760065
2018-10-10,0.757289
2018-10-11,0.755652
2018-10-12,0.76011
2018-10-13,0.76011
2018-10-14,0.763184
2018-10-15,0.760208
2018-10-16,0.758279
2018-10-17,0.763284
2018-10-18,0.7681
2018-10-19,0.764995
2018-10-20,0.764995
2018-10-21,0.765319
2018-10-22,0.771289
2018-10-23,0.770431
2018-10-24,0.776149
2018-10-25,0.77996
2018-10-26,0.77918
2018-10-27,0.7794
2018-10-28,0.779423
2018-11-01,0.769067
2018-11-02,0.77089
2018-11-03,0.77089
2018-11-04,0.768935
2018-11-05,0.765838
2018-11-06,0.762562
2018-11-07,0.761711
2018-11-08,0.765338
2018-11-09,0.770951
2018-11-10,0.7707
2018-11-11,0.772857
2018-11-12,0.777904
2018-11-13,0.768344
2018-11-14,0.770159
2018-11-15,0.78334
2018-11-16,0.77882
2018-11-17,0.77882
2018-11-18,0.77912
2018-11-19,0.777847
2018-11-20,0.78201
2018-11-21,0.782737
2018-11-22,0.776618
2018-11-23,0.78003
2018-11-24,0.77997
2018-11-25,0.780434
2018-11-26,0.780483
2018-11-27,0.784791
2018-11-28,0.779879
2018-12-01,0.78416
2018-12-02,0.784252
2018-12-03,0.785848
2018-12-04,0.78622
2018-12-05,0.785864
2018-12-06,0.782462
2018-12-07,0.785545
2018-12-08,0.785545
2018-12-09,0.786203
2018-12-10,0.796172
2018-12-11,0.80049
2018-12-12,0.792113
2018-12-13,0.790275
2018-12-14,0.794345
2018-12-15,0.794345
2018-12-16,0.794625
2018-12-17,0.792732
2018-12-18,0.790211
2018-12-19,0.792026
2018-12-20,0.789331
2018-12-21,0.791515
2018-12-22,0.7917
2018-12-23,0.790489
2018-12-24,0.78635
2018-12-25,0.788209
2018-12-26,0.790657
2018-12-27,0.790838
2018-12-28,0.787465
2019-01-01,0.784068
2019-01-02,0.798977
2019-01-03,0.791899
2019-01-04,0.78564
2019-01-05,0.786
2019-01-06,0.785404
2019-01-07,0.7822
2019-01-08,0.785004
2019-01-09,0.781316
2019-01-10,0.784
2019-01-11,0.77851
2019-01-12,0.7787
2019-01-13,0.778317
2019-01-14,0.776699
2019-01-15,0.77691
2019-01-16,0.775933
2019-01-17,0.770223
2019-01-18,0.77658
2019-01-19,0.77658
2019-01-20,0.778089
2019-01-21,0.775757
2019-01-22,0.771843
2019-01-23,0.7644
2019-01-24,0.762199
2019-01-25,0.757865
2019-01-26,0.757365
2019-01-27,0.757116
2019-01-28,0.759855
2019-02-01,0.76425
2019-02-02,0.76425
2019-02-03,0.764705
2019-02-04,0.767628
2019-02-05,0.77179
2019-02-06,0.7732
2019-02-07,0.772299
2019-02-08,0.77274
2019-02-09,0.77256
2019-02-10,0.773037
2019-02-11,0.777378
2019-02-12,0.775744
2019-02-13,0.7779
2019-02-14,0.781375
2019-02-15,0.77561
2019-02-16,0.7758
2019-02-17,0.774935
2019-02-18,0.773784
2019-02-19,0.765717
2019-02-20,0.766601
2019-02-21,0.766871
2019-02-22,0.766107
2019-02-23,0.766137
2019-02-24,0.765462
2019-02-25,0.761773
2019-02-26,0.754205
2019-02-27,0.750889
2019-02-28,0.753927
2019-03-01,0.756945
2019-03-02,0.757045
2019-03-03,0.755425
2019-03-04,0.7589
2019-03-05,0.760098
2019-03-06,0.758697
2019-03-07,0.76391
2019-03-08,0.7684
2019-03-09,0.76823
2019-03-10,0.770115
2019-03-11,0.754973
2019-03-12,0.765454
2019-03-13,0.7526
2019-03-14,0.754319
2019-03-15,0.7514
2019-03-16,0.7514
2019-03-17,0.752096
2019-03-18,0.753907
2019-03-19,0.753605
2019-03-20,0.757311
2019-03-21,0.761624
2019-03-22,0.756775
2019-03-23,0.756945
2019-03-24,0.757244
2019-03-25,0.75686
2019-03-26,0.757008
2019-03-27,0.760335
2019-03-28,0.7661
2019-04-01,0.76524
2019-04-02,0.761792
2019-04-03,0.758944
2019-04-04,0.7649
2019-04-05,0.76705
2019-04-06,0.76705
2019-04-07,0.76695
2019-04-08,0.765633
2019-04-09,0.765989
2019-04-10,0.763491
2019-04-11,0.76598
2019-04-12,0.7647
2019-04-13,0.7647
2019-04-14,0.764329
2019-04-15,0.763377
2019-04-16,0.766625
2019-04-17,0.766969
2019-04-18,0.769669
2019-04-19,0.76947
2019-04-20,0.76947
2019-04-21,0.769671
2019-04-22,0.770351
2019-04-23,0.772927
2019-04-24,0.774992
2019-04-25,0.775533
2019-04-26,0.774035
2019-04-27,0.77417
2019-04-28,0.774054
2019-05-01,0.766094
2019-05-02,0.7673
2019-05-03,0.759129
2019-05-04,0.759129
2019-05-05,0.76041
2019-05-06,0.763534
2019-05-07,0.765221
2019-05-08,0.768703
2019-05-09,0.768701
2019-05-10,0.7693
2019-05-11,0.7693
2019-05-12,0.76878
2019-05-13,0.771411
2019-05-14,0.774806
2019-05-15,0.778402
2019-05-16,0.7815
2019-05-17,0.786225
2019-05-18,0.786225
2019-05-19,0.785509
2019-05-20,0.785678
2019-05-21,0.786959
2019-05-22,0.789765
2019-05-23,0.789702
2019-05-24,0.786535
2019-05-25,0.786595
2019-05-26,0.785964
2019-05-27,0.7887
2019-05-28,0.789965
2019-06-01,0.7912
2019-06-02,0.791203
2019-06-03,0.789662
2019-06-04,0.7872
2019-06-05,0.788149
2019-06-06,0.787727
2019-06-07,0.785115
2019-06-08,0.785115
2019-06-09,0.786034
2019-06-10,0.787975
2019-06-11,0.785892
2019-06-12,0.787829
2019-06-13,0.788694
2019-06-14,0.79422
2019-06-15,0.794345
2019-06-16,0.794092
2019-06-17,0.797321
2019-06-18,0.795781
2019-06-19,0.790216
2019-06-20,0.786941
2019-06-21,0.784805
2019-06-22,0.784805
2019-06-23,0.784225
2019-06-24,0.785012
2019-06-25,0.788009
2019-06-26,0.787705
2019-06-27,0.789042
2019-06-28,0.78771
2019-07-01,0.790855
2019-07-02,0.793809
2019-07-03,0.794742
2019-07-04,0.794763
2019-07-05,0.798655
2019-07-06,0.798595
2019-07-07,0.798466
2019-07-08,0.799041
2019-07-09,0.802707
2019-07-10,0.79961
2019-07-11,0.798639
2019-07-12,0.79542
2019-07-13,0.79542
2019-07-14,0.795487
2019-07-15,0.798952
2019-07-16,0.805807
2019-07-17,0.804264
2019-07-18,0.797246
2019-07-19,0.7999
2019-07-20,0.799872
2019-07-21,0.799297
2019-07-22,0.801776
2019-07-23,0.804025
2019-07-24,0.800988
2019-07-25,0.803084
2019-07-26,0.807555
2019-07-27,0.807555
2019-07-28,0.808
2019-08-01,0.824825
2019-08-02,0.8223
2019-08-03,0.8223
2019-08-04,0.822939
2019-08-05,0.822589
2019-08-06,0.821676
2019-08-07,0.823715
2019-08-08,0.82352
2019-08-09,0.8307
2019-08-10,0.8307
2019-08-11,0.831808
2019-08-12,0.827976
2019-08-13,0.828976
2019-08-14,0.82918
2019-08-15,0.827067
2019-08-16,0.823045
2019-08-17,0.823045
2019-08-18,0.82247
2019-08-19,0.824525
2019-08-20,0.822253
2019-08-21,0.8244
2019-08-22,0.816233
2019-08-23,0.814465
2019-08-24,0.81453
2019-08-25,0.8157
2019-08-26,0.818203
2019-08-27,0.814279
2019-08-28,0.818482
2019-09-01,0.822466
2019-09-02,0.828844
2019-09-03,0.827068
2019-09-04,0.816593
2019-09-05,0.81138
2019-09-06,0.8141
2019-09-07,0.81403
2019-09-08,0.814067
2019-09-09,0.809993
2019-09-10,0.809221
2019-09-11,0.810668
2019-09-12,0.811108
2019-09-13,0.79968
2019-09-14,0.799615
2019-09-15,0.800256
2019-09-16,0.804786
2019-09-17,0.799914
2019-09-18,0.80196
2019-09-19,0.798521
2019-09-20,0.801775
2019-09-21,0.801775
2019-09-22,0.801945
2019-09-23,0.804311
2019-09-24,0.800943
2019-09-25,0.809137
2019-09-26,0.81112
2019-09-27,0.81367
2019-09-28,0.81365
2019-10-01,0.813554
2019-10-02,0.812715
2019-10-03,0.810283
2019-10-04,0.81083
2019-10-05,0.810701
2019-10-06,0.810701
2019-10-07,0.813838
2019-10-08,0.818321
2019-10-09,0.818869
2019-10-10,0.804449
2019-10-11,0.790825
2019-10-12,0.790825
2019-10-13,0.792602
2019-10-14,0.793085
2019-10-15,0.783696
2019-10-16,0.780075
2019-10-17,0.77733
2019-10-18,0.770361
2019-10-19,0.770361
2019-10-20,0.775013
2019-10-21,0.770916
2019-10-22,0.776158
2019-10-23,0.773968
2019-10-24,0.778889
2019-10-25,0.779818
2019-10-26,0.779606
2019-10-27,0.779572
2019-10-28,0.777786
2019-11-01,0.7727
2019-11-02,0.772678
2019-11-03,0.772917
2019-11-04,0.7758
2019-11-05,0.7763
2019-11-06,0.777882
2019-11-07,0.780007
2019-11-08,0.782779
2019-11-09,0.782779
2019-11-10,0.781565
2019-11-11,0.777965
2019-11-12,0.77816
2019-11-13,0.777986
2019-11-14,0.776271
2019-11-15,0.774984
2019-11-16,0.774984
2019-11-17,0.774009
2019-11-18,0.7723
2019-11-19,0.773528
2019-11-20,0.773644
2019-11-21,0.774064
2019-11-22,0.77912
2019-11-23,0.77912
2019-11-24,0.778125
2019-11-25,0.775379
2019-11-26,0.777566
2019-11-27,0.773413
2019-11-28,0.774469
2019-12-01,0.774451
2019-12-02,0.772809
2019-12-03,0.7694
2019-12-04,0.7627
2019-12-05,0.759994
2019-12-06,0.761267
2019-12-07,0.761267
2019-12-08,0.761109
2019-12-09,0.760682
2019-12-10,0.761649
2019-12-11,0.75759
2019-12-12,0.742209
2019-12-13,0.750063
2019-12-14,0.750063
2019-12-15,0.748861
2019-12-16,0.7538
2019-12-17,0.762
2019-12-18,0.764234
2019-12-19,0.768226
2019-12-20,0.769201
2019-12-21,0.768965
2019-12-22,0.768893
2019-12-23,0.772586
2019-12-24,0.773156
2019-12-25,0.770987
2019-12-26,0.769162
2019-12-27,0.764526
2019-12-28,0.764526
2020-01-01,0.754603
2020-01-02,0.76061
2020-01-03,0.764497
2020-01-04,0.764497
2020-01-05,0.76467
2020-01-06,0.7592
2020-01-07,0.7624
2020-01-08,0.763009
2020-01-09,0.765126
2020-01-10,0.765404
2020-01-11,0.765433
2020-01-12,0.766639
2020-01-13,0.770024
2020-01-14,0.767972
2020-01-15,0.766878
2020-01-16,0.76468
2020-01-17,0.768315
2020-01-18,0.768315
2020-01-19,0.768882
2020-01-20,0.769053
2020-01-21,0.766521
2020-01-22,0.760792
2020-01-23,0.762257
2020-01-24,0.764868
2020-01-25,0.764868
2020-01-26,0.765622
2020-01-27,0.765744
2020-01-28,0.767931
2020-02-01,0.757312
2020-02-02,0.758666
2020-02-03,0.769403
2020-02-04,0.767417
2020-02-05,0.7694
2020-02-06,0.773387
2020-02-07,0.775976
2020-02-08,0.775976
2020-02-09,0.77579
2020-02-10,0.774225
2020-02-11,0.7717
2020-02-12,0.771727
2020-02-13,0.766636
2020-02-14,0.766454
2020-02-15,0.766454
2020-02-16,0.766195
2020-02-17,0.768883
2020-02-18,0.7692
2020-02-19,0.773638
2020-02-20,0.776335
2020-02-21,0.771546
2020-02-22,0.771546
2020-02-23,0.772091
2020-02-24,0.773715
2020-02-25,0.769068
2020-02-26,0.774818
2020-02-27,0.775967
2020-02-28,0.77994
2020-03-01,0.782441
2020-03-02,0.783338
2020-03-03,0.780016
2020-03-04,0.776889
2020-03-05,0.772201
2020-03-06,0.766313
2020-03-07,0.766342
2020-03-08,0.7636
2020-03-09,0.76491
2020-03-10,0.774845
2020-03-11,0.780168
2020-03-12,0.795387
2020-03-13,0.814996
2020-03-14,0.814996
2020-03-15,0.806552
2020-03-16,0.815207
2020-03-17,0.825304
2020-03-18,0.861512
2020-03-19,0.870221
2020-03-20,0.858369
2020-03-21,0.858369
2020-03-22,0.860524
2020-03-23,0.862395
2020-03-24,0.848214
2020-03-25,0.843907
2020-03-26,0.819964
2020-03-27,0.80289
2020-03-28,0.80289
2020-04-01,0.807676
2020-04-02,0.807
2020-04-03,0.815195
2020-04-04,0.815195
2020-04-05,0.818544
2020-04-06,0.81757
2020-04-07,0.810559
2020-04-08,0.807057
2020-04-09,0.802886
2020-04-10,0.803406
2020-04-11,0.803406
2020-04-12,0.802697
2020-04-13,0.798681
2020-04-14,0.792085
2020-04-15,0.798802
2020-04-16,0.800783
2020-04-17,0.799392
2020-04-18,0.799392
2020-04-19,0.800961
2020-04-20,0.8037
2020-04-21,0.812902
2020-04-22,0.811536
2020-04-23,0.80961
2020-04-24,0.808734
2020-04-25,0.808734
2020-04-26,0.808619
2020-04-27,0.805027
2020-04-28,0.804202
2020-05-01,0.799872
2020-05-02,0.799872
2020-05-03,0.802847
2020-05-04,0.803555
2020-05-05,0.80359
2020-05-06,0.811385
2020-05-07,0.808162
2020-05-08,0.806062
2020-05-09,0.806062
2020-05-10,0.805377
2020-05-11,0.810915
2020-05-12,0.816193
2020-05-13,0.81713
2020-05-14,0.817394
2020-05-15,0.826037
2020-05-16,0.826194
2020-05-17,0.827475
2020-05-18,0.819686
2020-05-19,0.815943
2020-05-20,0.817251
2020-05-21,0.818174
2020-05-22,0.821959
2020-05-23,0.821959
2020-05-24,0.820609
2020-05-25,0.8196
2020-05-26,0.810919
2020-05-27,0.815455
2020-05-28,0.811781
2020-06-01,0.800865
2020-06-02,0.794868
2020-06-03,0.795276
2020-06-04,0.793236
2020-06-05,0.789546
2020-06-06,0.789546
2020-06-07,0.786226
2020-06-08,0.785265
2020-06-09,0.786806
2020-06-10,0.786684
2020-06-11,0.795344
2020-06-12,0.797162
2020-06-13,0.797162
2020-06-14,0.799361
2020-06-15,0.791291
2020-06-16,0.794694
2020-06-17,0.79683
2020-06-18,0.804829
2020-06-19,0.809792
2020-06-20,0.809792
2020-06-21,0.809986
2020-06-22,0.799962
2020-06-23,0.798424
2020-06-24,0.805647
2020-06-25,0.804854
2020-06-26,0.810701
2020-06-27,0.810471
2020-06-28,0.810324
2020-07-01,0.80215
2020-07-02,0.802168
2020-07-03,0.801072
2020-07-04,0.801028
2020-07-05,0.801651
2020-07-06,0.800224
2020-07-07,0.797375
2020-07-08,0.792836
2020-07-09,0.79331
2020-07-10,0.792224
2020-07-11,0.792236
2020-07-12,0.792005
2020-07-13,0.796692
2020-07-14,0.795568
2020-07-15,0.794155
2020-07-16,0.796276
2020-07-17,0.795608
2020-07-18,0.795786
2020-07-19,0.795485
2020-07-20,0.789839
2020-07-21,0.785484
2020-07-22,0.785669
2020-07-23,0.78555
2020-07-24,0.781769
2020-07-25,0.781769
2020-07-26,0.781595
2020-07-27,0.775935
2020-07-28,0.773745
2020-08-01,0.764213
2020-08-02,0.763369
2020-08-03,0.764642
2020-08-04,0.764241
2020-08-05,0.761814
2020-08-06,0.761151
2020-08-07,0.766283
2020-08-08,0.766284
2020-08-09,0.76625
2020-08-10,0.764701
2020-08-11,0.766207
2020-08-12,0.76655
2020-08-13,0.765153
2020-08-14,0.764146
2020-08-15,0.764146
2020-08-16,0.76305
2020-08-17,0.762975
2020-08-18,0.754555
2020-08-19,0.762794
2020-08-20,0.756505
2020-08-21,0.763971
2020-08-22,0.763971
2020-08-23,0.763775
2020-08-24,0.765073
2020-08-25,0.760461
2020-08-26,0.756485
2020-08-27,0.757552
2020-08-28,0.74898
2020-09-01,0.746275
2020-09-02,0.749176
2020-09-03,0.753934
2020-09-04,0.753069
2020-09-05,0.753069
2020-09-06,0.754902
2020-09-07,0.759878
2020-09-08,0.771286
2020-09-09,0.769337
2020-09-10,0.780816
2020-09-11,0.781555
2020-09-12,0.781555
2020-09-13,0.780817
2020-09-14,0.778288
2020-09-15,0.776193
2020-09-16,0.771575
2020-09-17,0.770697
2020-09-18,0.774132
2020-09-19,0.774204
2020-09-20,0.77325
2020-09-21,0.780092
2020-09-22,0.784777
2020-09-23,0.786535
2020-09-24,0.783953
2020-09-25,0.78454
2020-09-26,0.784622
2020-09-27,0.783392
2020-09-28,0.776759
2020-10-01,0.776096
2020-10-02,0.773066
2020-10-03,0.773186
2020-10-04,0.773449
2020-10-05,0.769654
2020-10-06,0.776184
2020-10-07,0.774231
2020-10-08,0.772818
2020-10-09,0.76656
2020-10-10,0.766372
2020-10-11,0.76742
2020-10-12,0.765422
2020-10-13,0.773156
2020-10-14,0.76858
2020-10-15,0.77505
2020-10-16,0.774294
2020-10-17,0.774294
2020-10-18,0.773623
2020-10-19,0.772341
2020-10-20,0.771834
2020-10-21,0.761657
2020-10-22,0.764643
2020-10-23,0.76668
2020-10-24,0.766548
2020-10-25,0.766082
2020-10-26,0.76835
2020-10-27,0.767433
2020-10-28,0.769864
2020-11-01,0.773636
2020-11-02,0.773874
2020-11-03,0.762218
2020-11-04,0.771211
2020-11-05,0.761135
2020-11-06,0.760167
2020-11-07,0.760023
2020-11-08,0.758748
2020-11-09,0.75941
2020-11-10,0.754104
2020-11-11,0.756223
2020-11-12,0.76215
2020-11-13,0.757863
2020-11-14,0.757863
2020-11-15,0.756435
2020-11-16,0.75643
2020-11-17,0.754349
2020-11-18,0.754632
2020-11-19,0.754867
2020-11-20,0.752681
2020-11-21,0.752681
2020-11-22,0.751669
2020-11-23,0.75039
2020-11-24,0.748335
2020-11-25,0.74725
2020-11-26,0.748866
2020-11-27,0.751512
2020-11-28,0.751512
2020-12-01,0.745054
2020-12-02,0.748034
2020-12-03,0.743428
2020-12-04,0.744075
2020-12-05,0.744075
2020-12-06,0.745429
2020-12-07,0.748736
2020-12-08,0.748223
2020-12-09,0.748182
2020-12-10,0.75171
2020-12-11,0.756029
2020-12-12,0.756115
2020-12-13,0.750951
2020-12-14,0.750424
2020-12-15,0.74364
2020-12-16,0.74062
2020-12-17,0.736991
2020-12-18,0.739563
2020-12-19,0.739508
2020-12-20,0.746197
2020-12-21,0.74364
2020-12-22,0.746318
2020-12-23,0.740032
2020-12-24,0.73745
2020-12-25,0.736398
2020-12-26,0.736398
2020-12-27,0.736925
2020-12-28,0.742646
2021-01-01,0.73135
2021-01-02,0.731368
2021-01-03,0.730947
2021-01-04,0.736879
2021-01-05,0.733808
2021-01-06,0.733993
2021-01-07,0.736966
2021-01-08,0.737247
2021-01-09,0.737165
2021-01-10,0.739722
2021-01-11,0.739465
2021-01-12,0.731676
2021-01-13,0.73273
2021-01-14,0.730841
2021-01-15,0.736158
2021-01-16,0.735916
2021-01-17,0.736874
2021-01-18,0.73616
2021-01-19,0.732911
2021-01-20,0.731719
2021-01-21,0.728404
2021-01-22,0.730909
2021-01-23,0.730909
2021-01-24,0.730686
2021-01-25,0.731178
2021-01-26,0.727802
2021-01-27,0.731495
2021-01-28,0.728619
2021-02-01,0.731215
2021-02-02,0.732119
2021-02-03,0.732595
2021-02-04,0.731405
2021-02-05,0.727988
2021-02-06,0.727988
2021-02-07,0.727892
2021-02-08,0.727503
2021-02-09,0.72382
2021-02-10,0.723016
2021-02-11,0.724041
2021-02-12,0.72235
2021-02-13,0.722439
2021-02-14,0.720981
2021-02-15,0.718649
2021-02-16,0.720181
2021-02-17,0.72125
2021-02-18,0.715973
2021-02-19,0.714006
2021-02-20,0.713598
2021-02-21,0.712884
2021-02-22,0.710841
2021-02-23,0.708255
2021-02-24,0.706864
2021-02-25,0.714095
2021-02-26,0.717833
2021-02-27,0.718133
2021-02-28,0.715621
2021-03-01,0.717932
2021-03-02,0.716638
2021-03-03,0.718288
2021-03-04,0.719753
2021-03-05,0.722788
2021-03-06,0.722788
2021-03-07,0.721979
2021-03-08,0.723492
2021-03-09,0.720076
2021-03-10,0.71786
2021-03-11,0.714904
2021-03-12,0.718397
2021-03-13,0.718397
2021-03-14,0.717902
2021-03-15,0.719505
2021-03-16,0.719305
2021-03-17,0.71554
2021-03-18,0.718224
2021-03-19,0.720829
2021-03-20,0.720981
2021-03-21,0.722881
2021-03-22,0.721537
2021-03-23,0.728291
2021-03-24,0.730545
2021-03-25,0.727458
2021-03-26,0.725503
2021-03-27,0.725111
2021-03-28,0.72515
2021-04-01,0.72285
2021-04-02,0.72304
2021-04-03,0.72304
2021-04-04,0.723031
2021-04-05,0.718771
2021-04-06,0.72305
2021-04-07,0.727692
2021-04-08,0.728141
2021-04-09,0.729474
2021-04-10,0.729581
2021-04-11,0.729528
2021-04-12,0.727008
2021-04-13,0.726805
2021-04-14,0.725795
2021-04-15,0.725473
2021-04-16,0.72295
2021-04-17,0.722883
2021-04-18,0.723711
2021-04-19,0.714709
2021-04-20,0.717459
2021-04-21,0.7178
2021-04-22,0.722604
2021-04-23,0.720528
2021-04-24,0.720534
2021-04-25,0.721242
2021-04-26,0.719696
2021-04-27,0.719267
2021-04-28,0.71655
2021-05-01,0.723743
2021-05-02,0.723657
2021-05-03,0.719249
2021-05-04,0.72007
2021-05-05,0.718959
2021-05-06,0.719683
2021-05-07,0.714896
2021-05-08,0.715052
2021-05-09,0.712224
2021-05-10,0.707682
2021-05-11,0.707441
2021-05-12,0.711131
2021-05-13,0.711931
2021-05-14,0.709165
2021-05-15,0.709165
2021-05-16,0.70917
2021-05-17,0.70691
2021-05-18,0.704853
2021-05-19,0.70884
2021-05-20,0.70502
2021-05-21,0.706611
2021-05-22,0.706689
2021-05-23,0.707214
2021-05-24,0.706447
2021-05-25,0.707164
2021-05-26,0.708444
2021-05-27,0.70407
2021-05-28,0.704747
2021-06-01,0.706415
2021-06-02,0.705678
2021-06-03,0.70881
2021-06-04,0.70618
2021-06-05,0.70618
2021-06-06,0.705965
2021-06-07,0.705429
2021-06-08,0.706754
2021-06-09,0.70865
2021-06-10,0.705687
2021-06-11,0.708767
2021-06-12,0.708843
2021-06-13,0.708325
2021-06-14,0.708733
2021-06-15,0.710187
2021-06-16,0.714817
2021-06-17,0.717463
2021-06-18,0.724561
2021-06-19,0.724034
2021-06-20,0.723776
2021-06-21,0.718161
2021-06-22,0.716874
2021-06-23,0.715969
2021-06-24,0.718577
2021-06-25,0.720202
2021-06-26,0.720202
2021-06-27,0.719613
2021-06-28,0.720531
2021-07-01,0.726795
2021-07-02,0.723327
2021-07-03,0.723458
2021-07-04,0.723014
2021-07-05,0.72175
2021-07-06,0.724425
2021-07-07,0.724652
2021-07-08,0.725157
2021-07-09,0.719052
2021-07-10,0.719295
2021-07-11,0.719528
2021-07-12,0.7202
2021-07-13,0.724375
2021-07-14,0.721682
2021-07-15,0.723151
2021-07-16,0.72648
2021-07-17,0.72648
2021-07-18,0.726569
2021-07-19,0.73165
2021-07-20,0.733492
2021-07-21,0.729265
2021-07-22,0.726069
2021-07-23,0.727008
2021-07-24,0.727352
2021-07-25,0.726896
2021-07-26,0.723238
2021-07-27,0.72036
2021-07-28,0.719124
2021-08-01,0.719632
2021-08-02,0.71985
2021-08-03,0.718537
2021-08-04,0.719966
2021-08-05,0.718012
2021-08-06,0.720719
2021-08-07,0.720591
2021-08-08,0.72115
2021-08-09,0.722204
2021-08-10,0.722777
2021-08-11,0.721189
2021-08-12,0.724058
2021-08-13,0.721241
2021-08-14,0.721241
2021-08-15,0.72135
2021-08-16,0.722548
2021-08-17,0.72783
2021-08-18,0.72763
2021-08-19,0.733657
2021-08-20,0.733945
2021-08-21,0.73408
2021-08-22,0.733999
2021-08-23,0.728688
2021-08-24,0.728613
2021-08-25,0.726502
2021-08-26,0.729906
2021-08-27,0.72648
2021-08-28,0.72648
2021-09-01,0.726151
2021-09-02,0.722737
2021-09-03,0.721583
2021-09-04,0.721241
2021-09-05,0.721553
2021-09-06,0.722614
2021-09-07,0.725726
2021-09-08,0.72639
2021-09-09,0.722627
2021-09-10,0.722857
2021-09-11,0.722805
2021-09-12,0.722577
2021-09-13,0.722648
2021-09-14,0.724222
2021-09-15,0.722074
2021-09-16,0.724744
2021-09-17,0.727776
2021-09-18,0.727776
2021-09-19,0.728393
2021-09-20,0.731952
2021-09-21,0.732161
2021-09-22,0.734414
2021-09-23,0.72881
2021-09-24,0.731188
2021-09-25,0.730727
2021-09-26,0.731617
2021-09-27,0.729877
2021-09-28,0.738465
2021-10-01,0.738253
2021-10-02,0.73828
2021-10-03,0.736913
2021-10-04,0.73497
2021-10-05,0.733872
2021-10-06,0.735781
2021-10-07,0.734214
2021-10-08,0.734565
2021-10-09,0.734565
2021-10-10,0.73443
2021-10-11,0.735816
2021-10-12,0.73645
2021-10-13,0.731632
2021-10-14,0.731633
2021-10-15,0.727537
2021-10-16,0.727537
2021-10-17,0.726693
2021-10-18,0.728027
2021-10-19,0.724953
2021-10-20,0.723484
2021-10-21,0.725087
2021-10-22,0.72685
2021-10-23,0.726718
2021-10-24,0.726691
2021-10-25,0.726544
2021-10-26,0.726453
2021-10-27,0.728233
2021-10-28,0.72465
2021-11-01,0.732349
2021-11-02,0.734355
2021-11-03,0.730242
2021-11-04,0.7403
2021-11-05,0.740576
2021-11-06,0.740851
2021-11-07,0.741206
2021-11-08,0.737247
2021-11-09,0.737463
2021-11-10,0.745596
2021-11-11,0.748234
2021-11-12,0.745434
2021-11-13,0.745434
2021-11-14,0.745368
2021-11-15,0.745701
2021-11-16,0.74495
2021-11-17,0.741322
2021-11-18,0.740801
2021-11-19,0.743771
2021-11-20,0.743771
2021-11-21,0.744427
2021-11-22,0.746436
2021-11-23,0.747637
2021-11-24,0.750193
2021-11-25,0.751182
2021-11-26,0.74971
2021-11-27,0.749485
2021-11-28,0.749595
2021-12-01,0.753195
2021-12-02,0.751897
2021-12-03,0.755572
2021-12-04,0.755715
2021-12-05,0.755541
2021-12-06,0.753977
2021-12-07,0.754968
2021-12-08,0.757051
2021-12-09,0.756185
2021-12-10,0.75348
2021-12-11,0.753585
2021-12-12,0.754309
2021-12-13,0.75685
2021-12-14,0.755858
2021-12-15,0.754034
2021-12-16,0.750601
2021-12-17,0.755572
2021-12-18,0.754916
2021-12-19,0.755917
2021-12-20,0.75709
2021-12-21,0.753656
2021-12-22,0.749064
2021-12-23,0.745963
2021-12-24,0.746966
2021-12-25,0.746966
2021-12-26,0.746116
2021-12-27,0.743966
2021-12-28,0.744435
2022-01-01,0.739016
2022-01-02,0.739559
2022-01-03,0.741708
2022-01-04,0.739115
2022-01-05,0.73777
2022-01-06,0.73895
2022-01-07,0.735916
2022-01-08,0.735916
2022-01-09,0.735745
2022-01-10,0.736374
2022-01-11,0.733514
2022-01-12,0.729578
2022-01-13,0.729205
2022-01-14,0.731154
2022-01-15,0.731235
2022-01-16,0.731373
2022-01-17,0.732762
2022-01-18,0.73524
2022-01-19,0.734822
2022-01-20,0.735467
2022-01-21,0.737654
2022-01-22,0.737654
2022-01-23,0.737724
2022-01-24,0.7414
2022-01-25,0.740247
2022-01-26,0.742533
2022-01-27,0.746968
2022-01-28,0.74599
2022-02-01,0.739372
2022-02-02,0.737218
2022-02-03,0.7354
2022-02-04,0.738672
2022-02-05,0.738672
2022-02-06,0.738936
2022-02-07,0.738715
2022-02-08,0.738171
2022-02-09,0.738962
2022-02-10,0.738062
2022-02-11,0.736903
2022-02-12,0.737327
2022-02-13,0.73698
2022-02-14,0.739044
2022-02-15,0.738518
2022-02-16,0.73628
2022-02-17,0.73445
2022-02-18,0.735608
2022-02-19,0.735608
2022-02-20,0.735773
2022-02-21,0.735554
2022-02-22,0.73592
2022-02-23,0.738284
2022-02-24,0.747848
2022-02-25,0.745851
2022-02-26,0.745851
2022-02-27,0.747824
2022-02-28,0.745041
2022-03-01,0.749913
2022-03-02,0.746486
2022-03-03,0.749026
2022-03-04,0.756001
2022-03-05,0.756001
2022-03-06,0.756902
2022-03-07,0.762572
2022-03-08,0.763439
2022-03-09,0.758443
2022-03-10,0.76321
2022-03-11,0.766959
2022-03-12,0.766959
2022-03-13,0.766301
2022-03-14,0.768612
2022-03-15,0.766618
2022-03-16,0.761035
2022-03-17,0.759971
2022-03-18,0.75861
2022-03-19,0.758668
2022-03-20,0.759902
2022-03-21,0.759346
2022-03-22,0.753814
2022-03-23,0.757282
2022-03-24,0.757909
2022-03-25,0.75815
2022-03-26,0.758121
2022-03-27,0.75915
2022-03-28,0.763347
2022-04-01,0.76255
2022-04-02,0.762515
2022-04-03,0.7631
2022-04-04,0.762614
2022-04-05,0.764707
2022-04-06,0.765158
2022-04-07,0.765164
2022-04-08,0.767142
2022-04-09,0.767142
2022-04-10,0.76746
2022-04-11,0.767847
2022-04-12,0.769119
2022-04-13,0.762252
2022-04-14,0.765335
2022-04-15,0.765697
2022-04-16,0.765697
2022-04-17,0.765931
2022-04-18,0.768752
2022-04-19,0.768405
2022-04-20,0.765205
2022-04-21,0.767777
2022-04-22,0.778847
2022-04-23,0.778847
2022-04-24,0.77952
2022-04-25,0.785114
2022-04-26,0.794809
2022-04-27,0.79745
2022-04-28,0.80225
2022-05-01,0.795608
2022-05-02,0.800057
2022-05-03,0.800083
2022-05-04,0.792605
2022-05-05,0.808901
2022-05-06,0.810241
2022-05-07,0.810406
2022-05-08,0.81131
2022-05-09,0.810701
2022-05-10,0.812612
2022-05-11,0.817411
2022-05-12,0.819388
2022-05-13,0.815544
2022-05-14,0.815328
2022-05-15,0.815855
2022-05-16,0.811301
2022-05-17,0.800819
2022-05-18,0.810088
2022-05-19,0.80237
2022-05-20,0.800494
2022-05-21,0.800737
2022-05-22,0.799779
2022-05-23,0.795738
2022-05-24,0.797343
2022-05-25,0.794526
2022-05-26,0.792553
2022-05-27,0.791822
2022-05-28,0.791822
2022-06-01,0.801026
2022-06-02,0.795017
2022-06-03,0.800737
2022-06-04,0.800737
2022-06-05,0.800621
2022-06-06,0.798494
2022-06-07,0.794439
2022-06-08,0.797373
2022-06-09,0.800466
2022-06-10,0.812018
2022-06-11,0.811919
2022-06-12,0.81453
2022-06-13,0.823546
2022-06-14,0.832586
2022-06-15,0.821358
2022-06-16,0.809674
2022-06-17,0.818331
2022-06-18,0.817962
2022-06-19,0.817783
2022-06-20,0.816427
2022-06-21,0.815392
2022-06-22,0.816166
2022-06-23,0.815657
2022-06-24,0.81526
2022-06-25,0.815361
2022-06-26,0.814133
2022-06-27,0.815236
2022-06-28,0.820508
2022-07-01,0.826806
2022-07-02,0.826105
2022-07-03,0.826436
2022-07-04,0.825511
2022-07-05,0.836736
2022-07-06,0.838756
2022-07-07,0.831393
2022-07-08,0.83091
2022-07-09,0.83129
2022-07-10,0.832154
2022-07-11,0.840368
2022-07-12,0.841905
2022-07-13,0.842894
2022-07-14,0.844538
2022-07-15,0.843526
2022-07-16,0.843562
2022-07-17,0.84103
2022-07-18,0.83687
2022-07-19,0.83305
2022-07-20,0.835565
2022-07-21,0.83365
2022-07-22,0.833021
2022-07-23,0.833021
2022-07-24,0.834376
2022-07-25,0.829604
2022-07-26,0.830789
2022-07-27,0.822217
2022-07-28,0.821494
2022-08-01,0.815866
2022-08-02,0.823477
2022-08-03,0.823854
2022-08-04,0.822402
2022-08-05,0.828329
2022-08-06,0.828329
2022-08-07,0.8291
2022-08-08,0.827458
2022-08-09,0.828401
2022-08-10,0.818934
2022-08-11,0.820012
2022-08-12,0.823605
2022-08-13,0.823605
2022-08-14,0.824606
2022-08-15,0.829394
2022-08-16,0.826788
2022-08-17,0.830167
2022-08-18,0.83815
2022-08-19,0.845405
2022-08-20,0.845344
2022-08-21,0.845343
2022-08-22,0.849943
2022-08-23,0.8454
2022-08-24,0.848132
2022-08-25,0.845805
2022-08-26,0.85237
2022-08-27,0.8511
2022-08-28,0.855432
2022-09-01,0.86601
2022-09-02,0.86847
2022-09-03,0.86847
2022-09-04,0.871653
2022-09-05,0.86469
2022-09-06,0.868762
2022-09-07,0.867883
2022-09-08,0.868101
2022-09-09,0.862292
2022-09-10,0.862495
2022-09-11,0.860581
2022-09-12,0.855492
2022-09-13,0.869381
2022-09-14,0.866176
2022-09-15,0.873206
2022-09-16,0.876079
2022-09-17,0.87608
2022-09-18,0.874585
2022-09-19,0.873755
2022-09-20,0.878682
2022-09-21,0.88835
2022-09-22,0.88788
2022-09-23,0.920938
2022-09-24,0.920938
2022-09-25,0.926504
2022-09-26,0.928855
2022-09-27,0.932312
2022-09-28,0.923246
2022-10-01,0.896861
2022-10-02,0.898019
2022-10-03,0.881989
2022-10-04,0.873274
2022-10-05,0.880577
2022-10-06,0.895884
2022-10-07,0.901364
2022-10-08,0.901998
2022-10-09,0.903128
2022-10-10,0.902603
2022-10-11,0.912071
2022-10-12,0.900829
2022-10-13,0.884849
2022-10-14,0.895135
2022-10-15,0.895135
2022-10-16,0.889541
2022-10-17,0.880901
2022-10-18,0.881632
2022-10-19,0.892311
2022-10-20,0.891126
2022-10-21,0.884128
2022-10-22,0.884604
2022-10-23,0.882139
2022-10-24,0.884486
2022-10-25,0.872685
2022-10-26,0.859174
2022-10-27,0.864753
2022-10-28,0.861141
2022-11-01,0.870417
2022-11-02,0.878424
2022-11-03,0.895222
2022-11-04,0.8794
2022-11-05,0.878928
2022-11-06,0.882539
2022-11-07,0.868606
2022-11-08,0.865726
2022-11-09,0.879621
2022-11-10,0.855132
2022-11-11,0.845552
2022-11-12,0.844773
2022-11-13,0.847678
2022-11-14,0.850915
2022-11-15,0.841778
2022-11-16,0.83934
2022-11-17,0.84322
2022-11-18,0.840972
2022-11-19,0.841149
2022-11-20,0.841386
2022-11-21,0.845562
2022-11-22,0.840779
2022-11-23,0.828028
2022-11-24,0.825594
2022-11-25,0.826925
2022-11-26,0.827062
2022-11-27,0.829604
2022-11-28,0.836142
2022-12-01,0.815757
2022-12-02,0.813389
2022-12-03,0.813008
2022-12-04,0.813204
2022-12-05,0.820159
2022-12-06,0.824217
2022-12-07,0.81901
2022-12-08,0.817382
2022-12-09,0.815345
2022-12-10,0.815827
2022-12-11,0.817279
2022-12-12,0.815038
2022-12-13,0.809376
2022-12-14,0.805234
2022-12-15,0.82029
2022-12-16,0.823452
2022-12-17,0.823452
2022-12-18,0.822407
2022-12-19,0.822707
2022-12-20,0.820455
2022-12-21,0.828063
2022-12-22,0.830696
2022-12-23,0.829669
2022-12-24,0.829669
2022-12-25,0.829531
2022-12-26,0.827632
2022-12-27,0.831504
2022-12-28,0.83139
2023-01-01,0.826651
2023-01-02,0.828959
2023-01-03,0.83566
2023-01-04,0.829434
2023-01-05,0.839702
2023-01-06,0.826925
2023-01-07,0.826925
2023-01-08,0.825046
2023-01-09,0.820765
2023-01-10,0.822842
2023-01-11,0.822453
2023-01-12,0.818571
2023-01-13,0.817595
2023-01-14,0.817595
2023-01-15,0.818122
2023-01-16,0.819105
2023-01-17,0.814086
2023-01-18,0.809916
2023-01-19,0.806944
2023-01-20,0.806972
2023-01-21,0.807168
2023-01-22,0.806045
2023-01-23,0.807836
2023-01-24,0.810927
2023-01-25,0.805755
2023-01-26,0.805497
2023-01-27,0.807689
2023-01-28,0.807689
2023-02-01,0.807255
2023-02-02,0.818254
2023-02-03,0.830013
2023-02-04,0.829566
2023-02-05,0.830317
2023-02-06,0.831519
2023-02-07,0.82959
2023-02-08,0.828452
2023-02-09,0.825369
2023-02-10,0.828912
2023-02-11,0.828912
2023-02-12,0.829786
2023-02-13,0.822989
2023-02-14,0.821438
2023-02-15,0.830777
2023-02-16,0.83505
2023-02-17,0.830289
2023-02-18,0.830289
2023-02-19,0.831319
2023-02-20,0.830656
2023-02-21,0.825825
2023-02-22,0.830064
2023-02-23,0.832155
2023-02-24,0.837381
2023-02-25,0.837065
2023-02-26,0.836816
2023-02-27,0.829037
2023-02-28,0.831049
2023-03-01,0.831469
2023-03-02,0.836827
2023-03-03,0.830872
2023-03-04,0.83091
2023-03-05,0.831407
2023-03-06,0.831581
2023-03-07,0.845519
2023-03-08,0.843914
2023-03-09,0.838732
2023-03-10,0.831048
2023-03-11,0.830979
2023-03-12,0.828106
2023-03-13,0.821837
2023-03-14,0.822979
2023-03-15,0.828688
2023-03-16,0.825723
2023-03-17,0.8209
2023-03-18,0.821187
2023-03-19,0.82052
2023-03-20,0.814757
2023-03-21,0.817986
2023-03-22,0.814468
2023-03-23,0.814266
2023-03-24,0.817862
2023-03-25,0.817862
2023-03-26,0.81664
2023-03-27,0.813242
2023-03-28,0.81105
2023-04-01,0.810045
2023-04-02,0.813919
2023-04-03,0.805087
2023-04-04,0.800044
2023-04-05,0.802397
2023-04-06,0.803988
2023-04-07,0.805088
2023-04-08,0.805088
2023-04-09,0.804457
2023-04-10,0.807037
2023-04-11,0.804537
2023-04-12,0.800513
2023-04-13,0.798416
2023-04-14,0.804959
2023-04-15,0.804959
2023-04-16,0.806452
2023-04-17,0.808177
2023-04-18,0.804764
2023-04-19,0.804635
2023-04-20,0.803804
2023-04-21,0.80415
2023-04-22,0.804182
2023-04-23,0.803355
2023-04-24,0.8
2023-04-25,0.805523
2023-04-26,0.801838
2023-04-27,0.800184
2023-04-28,0.795672
2023-05-01,0.80099
2023-05-02,0.801603
2023-05-03,0.795615
2023-05-04,0.794786
2023-05-05,0.791202
2023-05-06,0.791202
2023-05-07,0.791778
2023-05-08,0.792848
2023-05-09,0.792136
2023-05-10,0.791992
2023-05-11,0.799512
2023-05-12,0.803084
2023-05-13,0.8026
2023-05-14,0.803135
2023-05-15,0.79841
2023-05-16,0.800986
2023-05-17,0.801218
2023-05-18,0.805695
2023-05-19,0.803277
2023-05-20,0.803439
2023-05-21,0.802439
2023-05-22,0.80425
2023-05-23,0.805395
2023-05-24,0.808411
2023-05-25,0.811906
2023-05-26,0.809979
2023-05-27,0.809979
2023-05-28,0.81002
2023-06-01,0.798321
2023-06-02,0.803084
2023-06-03,0.803181
2023-06-04,0.804484
2023-06-05,0.804353
2023-06-06,0.804549
2023-06-07,0.803545
2023-06-08,0.796292
2023-06-09,0.795171
2023-06-10,0.795513
2023-06-11,0.794928
2023-06-12,0.79907
2023-06-13,0.793227
2023-06-14,0.789212
2023-06-15,0.78217
2023-06-16,0.779788
2023-06-17,0.779788
2023-06-18,0.779302
2023-06-19,0.781663
2023-06-20,0.783345
2023-06-21,0.78305
2023-06-22,0.784514
2023-06-23,0.786411
2023-06-24,0.786535
2023-06-25,0.785601
2023-06-26,0.786714
2023-06-27,0.784586
2023-06-28,0.791014
2023-07-01,0.786999
2023-07-02,0.787712
2023-07-03,0.787883
2023-07-04,0.786287
2023-07-05,0.787126
2023-07-06,0.78475
2023-07-07,0.778907
2023-07-08,0.778907
2023-07-09,0.77894
2023-07-10,0.777361
2023-07-11,0.773156
2023-07-12,0.769468
2023-07-13,0.76171
2023-07-14,0.763825
2023-07-15,0.763884
2023-07-16,0.763961
2023-07-17,0.764994
2023-07-18,0.767241
2023-07-19,0.772963
2023-07-20,0.776817
2023-07-21,0.777847
2023-07-22,0.777847
2023-07-23,0.778142
2023-07-24,0.780511
2023-07-25,0.775573
2023-07-26,0.773572
2023-07-27,0.781657
2023-07-28,0.778452
2023-08-01,0.78154
2023-08-02,0.786201
2023-08-03,0.786431
2023-08-04,0.78405
2023-08-05,0.784437
2023-08-06,0.784394
2023-08-07,0.78235
2023-08-08,0.784708
2023-08-09,0.786179
2023-08-10,0.78925
2023-08-11,0.787774
2023-08-12,0.787774
2023-08-13,0.787739
2023-08-14,0.788297
2023-08-15,0.787386
2023-08-16,0.785706
2023-08-17,0.784375
2023-08-18,0.785299
2023-08-19,0.785299
2023-08-20,0.784837
2023-08-21,0.783714
2023-08-22,0.785461
2023-08-23,0.786138
2023-08-24,0.794116
2023-08-25,0.795039
2023-08-26,0.794849
2023-08-27,0.79425
2023-08-28,0.792966
2023-09-01,0.794344
2023-09-02,0.794407
2023-09-03,0.794433
2023-09-04,0.79222
2023-09-05,0.795555
2023-09-06,0.800099
2023-09-07,0.801587
2023-09-08,0.802246
2023-09-09,0.802246
2023-09-10,0.800734
2023-09-11,0.799485
2023-09-12,0.80056
2023-09-13,0.800665
2023-09-14,0.806388
2023-09-15,0.807363
2023-09-16,0.807363
2023-09-17,0.806712
2023-09-18,0.807549
2023-09-19,0.806905
2023-09-20,0.811229
2023-09-21,0.813478
2023-09-22,0.816927
2023-09-23,0.81706
2023-09-24,0.816921
2023-09-25,0.818733
2023-09-26,0.823311
2023-09-27,0.824045
2023-09-28,0.819388
2023-10-01,0.820142
2023-10-02,0.827146
2023-10-03,0.82802
2023-10-04,0.823859
2023-10-05,0.820535
2023-10-06,0.817127
2023-10-07,0.816993
2023-10-08,0.818369
2023-10-09,0.816333
2023-10-10,0.813694
2023-10-11,0.811995
2023-10-12,0.820828
2023-10-13,0.824742
2023-10-14,0.82481
2023-10-15,0.822737
2023-10-16,0.818883
2023-10-17,0.821143
2023-10-18,0.823723
2023-10-19,0.824038
2023-10-20,0.823045
2023-10-21,0.822978
2023-10-22,0.822139
2023-10-23,0.816377
2023-10-24,0.82224
2023-10-25,0.826284
2023-10-26,0.823966
2023-10-27,0.824538
2023-10-28,0.824538
2023-11-01,0.820936
2023-11-02,0.820387
2023-11-03,0.808081
2023-11-04,0.808081
2023-11-05,0.808264
2023-11-06,0.810117
2023-11-07,0.813597
2023-11-08,0.813998
2023-11-09,0.818605
2023-11-10,0.818239
2023-11-11,0.81813
2023-11-12,0.817682
2023-11-13,0.814379
2023-11-14,0.800402
2023-11-15,0.805015
2023-11-16,0.805536
2023-11-17,0.802762
2023-11-18,0.802762
2023-11-19,0.802992
2023-11-20,0.799488
2023-11-21,0.797194
2023-11-22,0.800695
2023-11-23,0.797916
2023-11-24,0.793525
2023-11-25,0.793588
2023-11-26,0.793674
2023-11-27,0.791468
2023-11-28,0.786593
2023-12-01,0.787464
2023-12-02,0.787464
2023-12-03,0.786705
2023-12-04,0.79154
2023-12-05,0.794002
2023-12-06,0.796315
2023-12-07,0.794438
2023-12-08,0.79694
2023-12-09,0.79694
2023-12-10,0.796553
2023-12-11,0.796604
2023-12-12,0.795624
2023-12-13,0.792311
2023-12-14,0.783018
2023-12-15,0.788022
2023-12-16,0.788084
2023-12-17,0.789172
2023-12-18,0.790307
2023-12-19,0.785524
2023-12-20,0.791186
2023-12-21,0.788395
2023-12-22,0.787464
2023-12-23,0.787464
2023-12-24,0.788924
2023-12-25,0.787092
2023-12-26,0.785784
2023-12-27,0.781275
2023-12-28,0.785269
2024-01-01,0.78569
2024-01-02,0.792195
2024-01-03,0.789057
2024-01-04,0.788563
2024-01-05,0.785855
2024-01-06,0.785855
2024-01-07,0.78633
2024-01-08,0.784814
2024-01-09,0.786658
2024-01-10,0.784639
2024-01-11,0.782515
2024-01-12,0.78456
2024-01-13,0.78456
2024-01-14,0.785191
2024-01-15,0.786436
2024-01-16,0.791321
2024-01-17,0.788835
2024-01-18,0.786621
2024-01-19,0.787154
2024-01-20,0.787154
2024-01-21,0.787434
2024-01-22,0.787022
2024-01-23,0.787934
2024-01-24,0.786289
2024-01-25,0.78698
2024-01-26,0.786782
2024-01-27,0.786844
2024-01-28,0.787614
2024-02-01,0.784543
2024-02-02,0.791578
2024-02-03,0.791578
2024-02-04,0.792291
2024-02-05,0.79785
2024-02-06,0.79345
2024-02-07,0.791976
2024-02-08,0.792338
2024-02-09,0.791828
2024-02-10,0.791828
2024-02-11,0.791345
2024-02-12,0.791962
2024-02-13,0.794259
2024-02-14,0.795608
2024-02-15,0.793737
2024-02-16,0.793525
2024-02-17,0.793525
2024-02-18,0.792979
2024-02-19,0.794434
2024-02-20,0.792083
2024-02-21,0.791253
2024-02-22,0.789743
2024-02-23,0.788644
2024-02-24,0.788706
2024-02-25,0.789235
2024-02-26,0.788398
2024-02-27,0.788627
2024-02-28,0.789811
2024-03-01,0.790077
2024-03-02,0.790077
2024-03-03,0.789861
2024-03-04,0.788101
2024-03-05,0.787133
2024-03-06,0.785183
2024-03-07,0.780436
2024-03-08,0.777726
2024-03-09,0.777726
2024-03-10,0.777865
2024-03-11,0.780135
2024-03-12,0.781552
2024-03-13,0.781177
2024-03-14,0.784597
2024-03-15,0.785361
2024-03-16,0.785484
2024-03-17,0.785485
2024-03-18,0.785739
2024-03-19,0.786281
2024-03-20,0.781375
2024-03-21,0.789858
2024-03-22,0.793588
2024-03-23,0.793588
2024-03-24,0.793805
2024-03-25,0.791367
2024-03-26,0.791893
2024-03-27,0.79255
2024-03-28,0.792318
2024-04-01,0.797064
2024-04-02,0.795159
2024-04-03,0.790423
2024-04-04,0.791174
2024-04-05,0.791202
2024-04-06,0.791264
2024-04-07,0.792096
2024-04-08,0.790045
2024-04-09,0.78882
2024-04-10,0.79767
2024-04-11,0.796622
2024-04-12,0.802762
2024-04-13,0.802762
2024-04-14,0.802592
2024-04-15,0.803457
2024-04-16,0.804466
2024-04-17,0.803014
2024-04-18,0.80415
2024-04-19,0.808473
2024-04-20,0.808473
2024-04-21,0.808055
2024-04-22,0.80973
2024-04-23,0.802936
2024-04-24,0.802618
2024-04-25,0.799522
2024-04-26,0.800705
2024-04-27,0.800769
2024-04-28,0.799396
2024-05-01,0.797744
2024-05-02,0.797463
2024-05-03,0.79685
2024-05-04,0.79694
2024-05-05,0.797375
2024-05-06,0.796026
2024-05-07,0.799936
2024-05-08,0.800436
2024-05-09,0.798388
2024-05-10,0.798339
2024-05-11,0.798467
2024-05-12,0.798585
2024-05-13,0.79625
2024-05-14,0.794631
2024-05-15,0.788103
2024-05-16,0.789204
2024-05-17,0.787092
2024-05-18,0.787092
2024-05-19,0.787031
2024-05-20,0.786807
2024-05-21,0.786774
2024-05-22,0.78613
2024-05-23,0.787814
2024-05-24,0.784868
2024-05-25,0.784806
2024-05-26,0.785287
2024-05-27,0.782998
2024-05-28,0.783785
2024-06-01,0.785114
2024-06-02,0.784706
2024-06-03,0.780643
2024-06-04,0.782934
2024-06-05,0.781644
2024-06-06,0.781712
2024-06-07,0.785669
2024-06-08,0.785669
2024-06-09,0.785654
2024-06-10,0.785802
2024-06-11,0.784939
2024-06-12,0.781481
2024-06-13,0.784073
2024-06-14,0.789141
2024-06-15,0.789141
2024-06-16,0.788457
2024-06-17,0.786546
2024-06-18,0.786977
2024-06-19,0.78613
2024-06-20,0.789893
2024-06-21,0.790451
2024-06-22,0.790295
2024-06-23,0.791265
2024-06-24,0.788517
2024-06-25,0.788457
2024-06-26,0.792332
2024-06-27,0.790826
2024-06-28,0.790576
2024-07-01,0.790823
2024-07-02,0.788184
2024-07-03,0.784471
2024-07-04,0.784009
2024-07-05,0.780457
2024-07-06,0.780701
2024-07-07,0.780823
2024-07-08,0.780324
2024-07-09,0.78199
2024-07-10,0.777965
2024-07-11,0.773775
2024-07-12,0.770475
2024-07-13,0.77056
2024-07-14,0.771166
2024-07-15,0.771054
2024-07-16,0.770561
2024-07-17,0.768699
2024-07-18,0.772257
2024-07-19,0.77439
2024-07-20,0.774174
2024-07-21,0.773218
2024-07-22,0.773293
2024-07-23,0.775108
2024-07-24,0.775316
2024-07-25,0.777878
2024-07-26,0.77694
2024-07-27,0.777877
2024-07-28,0.777182
2024-08-01,0.785689
2024-08-02,0.780884
2024-08-03,0.780884
2024-08-04,0.781999
2024-08-05,0.781983
2024-08-06,0.788362
2024-08-07,0.788499
2024-08-08,0.784584
2024-08-09,0.785423
2024-08-10,0.783853
2024-08-11,0.784381
2024-08-12,0.783034
2024-08-13,0.777271
2024-08-14,0.779666
2024-08-15,0.777676
2024-08-16,0.772082
2024-08-17,0.772589
2024-08-18,0.772385
2024-08-19,0.769869
2024-08-20,0.767222
2024-08-21,0.763787
2024-08-22,0.763544
2024-08-23,0.75683
2024-08-24,0.756573
2024-08-25,0.756766
2024-08-26,0.758055
2024-08-27,0.754419
2024-08-28,0.757972
2024-09-01,0.761635
2024-09-02,0.760974
2024-09-03,0.762585
2024-09-04,0.760746
2024-09-05,0.758954
2024-09-06,0.761499
2024-09-07,0.761383
2024-09-08,0.761539
2024-09-09,0.765061
2024-09-10,0.764539
2024-09-11,0.76698
2024-09-12,0.761478
2024-09-13,0.76195
2024-09-14,0.761992
2024-09-15,0.761306
2024-09-16,0.756985
2024-09-17,0.75946
2024-09-18,0.757401
2024-09-19,0.752938
2024-09-20,0.75092
2024-09-21,0.75092
2024-09-22,0.751187
2024-09-23,0.74905
2024-09-24,0.744776
2024-09-25,0.75108
2024-09-26,0.745734
2024-09-27,0.747943
2024-09-28,0.747887
2024-10-01,0.753347
2024-10-02,0.753985
2024-10-03,0.76165
2024-10-04,0.762108
2024-10-05,0.762108
2024-10-06,0.762002
2024-10-07,0.764269
2024-10-08,0.76375
2024-10-09,0.765331
2024-10-10,0.765616
2024-10-11,0.765169
2024-10-12,0.765169
2024-10-13,0.765221
2024-10-14,0.76528
2024-10-15,0.765411
2024-10-16,0.769761
2024-10-17,0.768353
2024-10-18,0.766225
2024-10-19,0.766225
2024-10-20,0.766166
2024-10-21,0.770256
2024-10-22,0.770363
2024-10-23,0.774201
2024-10-24,0.770906
2024-10-25,0.771486
2024-10-26,0.771545
2024-10-27,0.771742
2024-10-28,0.770735
2024-11-01,0.77365
2024-11-02,0.773964
2024-11-03,0.772035
2024-11-04,0.771944
2024-11-05,0.766704
2024-11-06,0.776253
2024-11-07,0.770229
2024-11-08,0.774114
2024-11-09,0.774144
2024-11-10,0.774217
2024-11-11,0.77679
2024-11-12,0.785133
2024-11-13,0.786951
2024-11-14,0.789612
2024-11-15,0.792644
2024-11-16,0.792519
2024-11-17,0.792442
2024-11-18,0.788706
2024-11-19,0.787764
2024-11-20,0.790158
2024-11-21,0.794599
2024-11-22,0.798085
2024-11-23,0.798053
2024-11-24,0.794084
2024-11-25,0.797499
2024-11-26,0.795292
2024-11-27,0.788816
2024-11-28,0.787665
2024-12-01,0.787312
2024-12-02,0.78998
2024-12-03,0.789004
2024-12-04,0.787355
2024-12-05,0.783679
2024-12-06,0.784683
2024-12-07,0.784621
2024-12-08,0.784415
2024-12-09,0.78436
2024-12-10,0.782473
2024-12-11,0.783453
2024-12-12,0.788835
2024-12-13,0.79233
2024-12-14,0.792173
2024-12-15,0.791963
2024-12-16,0.78805
2024-12-17,0.78676
2024-12-18,0.795739
2024-12-19,0.800179
2024-12-20,0.795608
2024-12-21,0.795767
2024-12-22,0.795558
2024-12-23,0.797909
2024-12-24,0.797766
2024-12-25,0.797232
2024-12-26,0.798208
2024-12-27,0.795482
2024-12-28,0.795418
2025-01-01,0.798735
2025-01-02,0.807761
2025-01-03,0.804959
2025-01-04,0.804959
2025-01-05,0.804861
2025-01-06,0.799297
2025-01-07,0.801537
2025-01-08,0.809156
2025-01-09,0.813101
2025-01-10,0.8188
2025-01-11,0.819169
2025-01-12,0.819394
2025-01-13,0.817538
2025-01-14,0.818944
2025-01-15,0.816833
2025-01-16,0.81734
2025-01-17,0.82122
2025-01-18,0.821794
2025-01-19,0.821328
2025-01-20,0.810823
2025-01-21,0.810524
2025-01-22,0.812193
2025-01-23,0.809762
2025-01-24,0.801282
2025-01-25,0.800993
2025-01-26,0.802649
2025-01-27,0.803172
2025-01-28,0.803812
2025-02-01,0.806875
2025-02-02,0.81366
2025-02-03,0.80415
2025-02-04,0.801475
2025-02-05,0.799904
2025-02-06,0.804222
2025-02-07,0.806257
2025-02-08,0.806289
2025-02-09,0.807131
2025-02-10,0.809075
2025-02-11,0.803178
2025-02-12,0.80317
2025-02-13,0.795887
2025-02-14,0.79384
2025-02-15,0.794565
2025-02-16,0.794645
2025-02-17,0.792337
2025-02-18,0.792118
2025-02-19,0.79466
2025-02-20,0.789297
2025-02-21,0.791578
2025-02-22,0.791734
2025-02-23,0.790588
2025-02-24,0.792557
2025-02-25,0.790486
